,level,expression,ground_truth,simplification_trace,k_steps,rules_used,context_chain,variables,rule_diversity,context_depth,min_inject,e_id
0,easy,((1 * ((x + 0) - y)) + 0),(x - y),"[{'expr': '((1 * ((x + 0) - y)) + 0)', 'rule': None}, {'expr': '(1 * ((x + 0) - y))', 'rule': 'add_zero_r'}, {'expr': '((x + 0) - y)', 'rule': 'mul_one_l'}, {'expr': '(x - y)', 'rule': 'add_zero_r'}]",2,"['add_zero_r', 'mul_one_l', 'add_zero_r']",[],"['x', 'y']",1,0,1,0
1,easy,((0 + (0 * 1)) + (x * y)),(x * y),"[{'expr': '((0 + (0 * 1)) + (x * y))', 'rule': None}, {'expr': '((0 * 1) + (x * y))', 'rule': 'add_zero_l'}, {'expr': '(0 + (x * y))', 'rule': 'mul_one_r'}, {'expr': '(x * y)', 'rule': 'add_zero_l'}]",2,"['add_zero_l', 'mul_one_r', 'add_zero_l']",[],"['x', 'y']",1,0,1,1
2,easy,(1 * (y + ((1 * 1) * 0))),y,"[{'expr': '(1 * (y + ((1 * 1) * 0)))', 'rule': None}, {'expr': '(y + ((1 * 1) * 0))', 'rule': 'mul_one_l'}, {'expr': '(y + 0)', 'rule': 'mul_zero_r'}, {'expr': 'y', 'rule': 'add_zero_r'}]",2,"['mul_one_l', 'mul_zero_r', 'add_zero_r']",[],"['x', 'y']",1,0,1,2
3,easy,((13 + 0) + ((0 + 1) * 0)),13,"[{'expr': '((13 + 0) + ((0 + 1) * 0))', 'rule': None}, {'expr': '(13 + ((0 + 1) * 0))', 'rule': 'add_zero_r'}, {'expr': '(13 + 0)', 'rule': 'mul_zero_r'}, {'expr': '13', 'rule': 'add_zero_r'}]",2,"['add_zero_r', 'mul_zero_r', 'add_zero_r']",[],"['x', 'y']",1,0,1,3
4,easy,(y - ((((x + 0) * 1) * 1) + 0)),(y - x),"[{'expr': '(y - ((((x + 0) * 1) * 1) + 0))', 'rule': None}, {'expr': '(y - (((x + 0) * 1) * 1))', 'rule': 'add_zero_r'}, {'expr': '(y - ((x + 0) * 1))', 'rule': 'mul_one_r'}, {'expr': '(y - (x + 0))', 'rule': 'mul_one_r'}, {'expr': '(y - x)', 'rule': 'add_zero_r'}]",2,"['add_zero_r', 'mul_one_r', 'mul_one_r', 'add_zero_r']",[],"['x', 'y']",1,0,1,4
5,medium,((((1 + 0) * (((y - (y + 0)) + x) - z)) * 1) + (1 * 0)),(x - z),"[{'expr': '((((1 + 0) * (((y - (y + 0)) + x) - z)) * 1) + (1 * 0))', 'rule': None}, {'expr': '(((1 + 0) * (((y - (y + 0)) + x) - z)) + (1 * 0))', 'rule': 'mul_one_r'}, {'expr': '((1 * (((y - (y + 0)) + x) - z)) + (1 * 0))', 'rule': 'add_zero_r'}, {'expr': '((((y - (y + 0)) + x) - z) + (1 * 0))', 'rule': 'mul_one_l'}, {'expr': '((((y - y) + x) - z) + (1 * 0))', 'rule': 'add_zero_r'}, {'expr': '(((0 + x) - z) + (1 * 0))', 'rule': 'sub_self'}, {'expr': '((x - z) + (1 * 0))', 'rule': 'add_zero_l'}, {'expr': '((x - z) + 0)', 'rule': 'mul_one_l'}, {'expr': '(x - z)', 'rule': 'add_zero_r'}]",5,"['mul_one_r', 'add_zero_r', 'mul_one_l', 'add_zero_r', 'sub_self', 'add_zero_l', 'mul_one_l', 'add_zero_r']",[],"['x', 'y', 'z']",2,0,2,5
6,medium,((1 * 1) * (((z + 0) + (x - x)) + (((0 + 0) + x) * 1))),(z + x),"[{'expr': '((1 * 1) * (((z + 0) + (x - x)) + (((0 + 0) + x) * 1)))', 'rule': None}, {'expr': '(1 * (((z + 0) + (x - x)) + (((0 + 0) + x) * 1)))', 'rule': 'mul_one_r'}, {'expr': '(((z + 0) + (x - x)) + (((0 + 0) + x) * 1))', 'rule': 'mul_one_l'}, {'expr': '((z + (x - x)) + (((0 + 0) + x) * 1))', 'rule': 'add_zero_r'}, {'expr': '((z + 0) + (((0 + 0) + x) * 1))', 'rule': 'sub_self'}, {'expr': '(z + (((0 + 0) + x) * 1))', 'rule': 'add_zero_r'}, {'expr': '(z + ((0 + 0) + x))', 'rule': 'mul_one_r'}, {'expr': '(z + (0 + x))', 'rule': 'add_zero_r'}, {'expr': '(z + x)', 'rule': 'add_zero_l'}]",5,"['mul_one_r', 'mul_one_l', 'add_zero_r', 'sub_self', 'add_zero_r', 'mul_one_r', 'add_zero_r', 'add_zero_l']",[],"['x', 'y', 'z']",2,0,2,6
7,medium,((1 * 1) * ((1 * (0 + y)) + (((1 * 0) + 0) * 1))),y,"[{'expr': '((1 * 1) * ((1 * (0 + y)) + (((1 * 0) + 0) * 1)))', 'rule': None}, {'expr': '(1 * ((1 * (0 + y)) + (((1 * 0) + 0) * 1)))', 'rule': 'mul_one_r'}, {'expr': '((1 * (0 + y)) + (((1 * 0) + 0) * 1))', 'rule': 'mul_one_l'}, {'expr': '((0 + y) + (((1 * 0) + 0) * 1))', 'rule': 'mul_one_l'}, {'expr': '(y + (((1 * 0) + 0) * 1))', 'rule': 'add_zero_l'}, {'expr': '(y + ((1 * 0) + 0))', 'rule': 'mul_one_r'}, {'expr': '(y + (1 * 0))', 'rule': 'add_zero_r'}, {'expr': '(y + 0)', 'rule': 'mul_one_l'}, {'expr': 'y', 'rule': 'add_zero_r'}]",5,"['mul_one_r', 'mul_one_l', 'mul_one_l', 'add_zero_l', 'mul_one_r', 'add_zero_r', 'mul_one_l', 'add_zero_r']",[],"['x', 'y', 'z']",2,0,2,7
8,medium,((0 + ((13 + ((0 + 0) * 1)) + (1 * 0))) * 1),13,"[{'expr': '((0 + ((13 + ((0 + 0) * 1)) + (1 * 0))) * 1)', 'rule': None}, {'expr': '(0 + ((13 + ((0 + 0) * 1)) + (1 * 0)))', 'rule': 'mul_one_r'}, {'expr': '((13 + ((0 + 0) * 1)) + (1 * 0))', 'rule': 'add_zero_l'}, {'expr': '((13 + (0 + 0)) + (1 * 0))', 'rule': 'mul_one_r'}, {'expr': '((13 + 0) + (1 * 0))', 'rule': 'add_zero_r'}, {'expr': '(13 + (1 * 0))', 'rule': 'add_zero_r'}, {'expr': '(13 + 0)', 'rule': 'mul_one_l'}, {'expr': '13', 'rule': 'add_zero_r'}]",5,"['mul_one_r', 'add_zero_l', 'mul_one_r', 'add_zero_r', 'add_zero_r', 'mul_one_l', 'add_zero_r']",[],"['x', 'y', 'z']",2,0,2,8
9,medium,(y - (((0 + (1 * (z * 1))) + 0) + ((1 * 0) + 0))),(y - z),"[{'expr': '(y - (((0 + (1 * (z * 1))) + 0) + ((1 * 0) + 0)))', 'rule': None}, {'expr': '(y - ((0 + (1 * (z * 1))) + ((1 * 0) + 0)))', 'rule': 'add_zero_r'}, {'expr': '(y - ((1 * (z * 1)) + ((1 * 0) + 0)))', 'rule': 'add_zero_l'}, {'expr': '(y - ((z * 1) + ((1 * 0) + 0)))', 'rule': 'mul_one_l'}, {'expr': '(y - (z + ((1 * 0) + 0)))', 'rule': 'mul_one_r'}, {'expr': '(y - (z + (1 * 0)))', 'rule': 'add_zero_r'}, {'expr': '(y - (z + 0))', 'rule': 'mul_one_l'}, {'expr': '(y - z)', 'rule': 'add_zero_r'}]",5,"['add_zero_r', 'add_zero_l', 'mul_one_l', 'mul_one_r', 'add_zero_r', 'mul_one_l', 'add_zero_r']",[],"['x', 'y', 'z']",2,0,2,9
10,hard,((((1 + 0) * (((((z * 1) - z) + (y + ((0 + 0) * 1))) - x) * (z / z))) * 1) + 0),(y - x),"[{'expr': '((((1 + 0) * (((((z * 1) - z) + (y + ((0 + 0) * 1))) - x) * (z / z))) * 1) + 0)', 'rule': None}, {'expr': '(((1 + 0) * (((((z * 1) - z) + (y + ((0 + 0) * 1))) - x) * (z / z))) * 1)', 'rule': 'add_zero_r'}, {'expr': '((1 + 0) * (((((z * 1) - z) + (y + ((0 + 0) * 1))) - x) * (z / z)))', 'rule': 'mul_one_r'}, {'expr': '(1 * (((((z * 1) - z) + (y + ((0 + 0) * 1))) - x) * (z / z)))', 'rule': 'add_zero_r'}, {'expr': '(((((z * 1) - z) + (y + ((0 + 0) * 1))) - x) * (z / z))', 'rule': 'mul_one_l'}, {'expr': '((((z - z) + (y + ((0 + 0) * 1))) - x) * (z / z))', 'rule': 'mul_one_r'}, {'expr': '(((0 + (y + ((0 + 0) * 1))) - x) * (z / z))', 'rule': 'sub_self'}, {'expr': '(((y + ((0 + 0) * 1)) - x) * (z / z))', 'rule': 'add_zero_l'}, {'expr': '(((y + (0 + 0)) - x) * (z / z))', 'rule': 'mul_one_r'}, {'expr': '(((y + 0) - x) * (z / z))', 'rule': 'add_zero_r'}, {'expr': '((y - x) * (z / z))', 'rule': 'add_zero_r'}, {'expr': '((y - x) * 1)', 'rule': 'div_self'}, {'expr': '(y - x)', 'rule': 'mul_one_r'}]",9,"['add_zero_r', 'mul_one_r', 'add_zero_r', 'mul_one_l', 'mul_one_r', 'sub_self', 'add_zero_l', 'mul_one_r', 'add_zero_r', 'add_zero_r', 'div_self', 'mul_one_r']",[],"['x', 'y', 'z', 'w']",3,2,3,10
11,hard,((1 + 0) * (((0 + (x / x)) * (((0 * 1) + 0) + ((1 * w) * (1 * 1)))) + ((0 + z) - z))),w,"[{'expr': '((1 + 0) * (((0 + (x / x)) * (((0 * 1) + 0) + ((1 * w) * (1 * 1)))) + ((0 + z) - z)))', 'rule': None}, {'expr': '(1 * (((0 + (x / x)) * (((0 * 1) + 0) + ((1 * w) * (1 * 1)))) + ((0 + z) - z)))', 'rule': 'add_zero_r'}, {'expr': '(((0 + (x / x)) * (((0 * 1) + 0) + ((1 * w) * (1 * 1)))) + ((0 + z) - z))', 'rule': 'mul_one_l'}, {'expr': '(((x / x) * (((0 * 1) + 0) + ((1 * w) * (1 * 1)))) + ((0 + z) - z))', 'rule': 'add_zero_l'}, {'expr': '((1 * (((0 * 1) + 0) + ((1 * w) * (1 * 1)))) + ((0 + z) - z))', 'rule': 'div_self'}, {'expr': '((((0 * 1) + 0) + ((1 * w) * (1 * 1))) + ((0 + z) - z))', 'rule': 'mul_one_l'}, {'expr': '(((0 * 1) + ((1 * w) * (1 * 1))) + ((0 + z) - z))', 'rule': 'add_zero_r'}, {'expr': '((0 + ((1 * w) * (1 * 1))) + ((0 + z) - z))', 'rule': 'mul_one_r'}, {'expr': '(((1 * w) * (1 * 1)) + ((0 + z) - z))', 'rule': 'add_zero_l'}, {'expr': '((w * (1 * 1)) + ((0 + z) - z))', 'rule': 'mul_one_l'}, {'expr': '((w * 1) + ((0 + z) - z))', 'rule': 'mul_one_r'}, {'expr': '(w + ((0 + z) - z))', 'rule': 'mul_one_r'}, {'expr': '(w + (z - z))', 'rule': 'add_zero_l'}, {'expr': '(w + 0)', 'rule': 'sub_self'}, {'expr': 'w', 'rule': 'add_zero_r'}]",9,"['add_zero_r', 'mul_one_l', 'add_zero_l', 'div_self', 'mul_one_l', 'add_zero_r', 'mul_one_r', 'add_zero_l', 'mul_one_l', 'mul_one_r', 'mul_one_r', 'add_zero_l', 'sub_self', 'add_zero_r']","[{'level': 'hard', 'expression': '((((1 + 0) * (((((z * 1) - z) + (y + ((0 + 0) * 1))) - x) * (z / z))) * 1) + 0)', 'ground_truth': '(y - x)', 'simplification_trace': [{'expr': '((((1 + 0) * (((((z * 1) - z) + (y + ((0 + 0) * 1))) - x) * (z / z))) * 1) + 0)', 'rule': None}, {'expr': '(((1 + 0) * (((((z * 1) - z) + (y + ((0 + 0) * 1))) - x) * (z / z))) * 1)', 'rule': 'add_zero_r'}, {'expr': '((1 + 0) * (((((z * 1) - z) + (y + ((0 + 0) * 1))) - x) * (z / z)))', 'rule': 'mul_one_r'}, {'expr': '(1 * (((((z * 1) - z) + (y + ((0 + 0) * 1))) - x) * (z / z)))', 'rule': 'add_zero_r'}, {'expr': '(((((z * 1) - z) + (y + ((0 + 0) * 1))) - x) * (z / z))', 'rule': 'mul_one_l'}, {'expr': '((((z - z) + (y + ((0 + 0) * 1))) - x) * (z / z))', 'rule': 'mul_one_r'}, {'expr': '(((0 + (y + ((0 + 0) * 1))) - x) * (z / z))', 'rule': 'sub_self'}, {'expr': '(((y + ((0 + 0) * 1)) - x) * (z / z))', 'rule': 'add_zero_l'}, {'expr': '(((y + (0 + 0)) - x) * (z / z))', 'rule': 'mul_one_r'}, {'expr': '(((y + 0) - x) * (z / z))', 'rule': 'add_zero_r'}, {'expr': '((y - x) * (z / z))', 'rule': 'add_zero_r'}, {'expr': '((y - x) * 1)', 'rule': 'div_self'}, {'expr': '(y - x)', 'rule': 'mul_one_r'}], 'k_steps': 9, 'rules_used': ['add_zero_r', 'mul_one_r', 'add_zero_r', 'mul_one_l', 'mul_one_r', 'sub_self', 'add_zero_l', 'mul_one_r', 'add_zero_r', 'add_zero_r', 'div_self', 'mul_one_r'], 'context_chain': [], 'variables': ['x', 'y', 'z', 'w'], 'rule_diversity': 3, 'context_depth': 2, 'min_inject': 3}]","['x', 'y', 'z', 'w']",3,2,3,11
12,hard,((1 * (((1 * (1 + 0)) * (((x - x) + (4 + 3)) + (3 + (0 + 1)))) * (z / z))) + 0),11,"[{'expr': '((1 * (((1 * (1 + 0)) * (((x - x) + (4 + 3)) + (3 + (0 + 1)))) * (z / z))) + 0)', 'rule': None}, {'expr': '(1 * (((1 * (1 + 0)) * (((x - x) + (4 + 3)) + (3 + (0 + 1)))) * (z / z)))', 'rule': 'add_zero_r'}, {'expr': '(((1 * (1 + 0)) * (((x - x) + (4 + 3)) + (3 + (0 + 1)))) * (z / z))', 'rule': 'mul_one_l'}, {'expr': '(((1 + 0) * (((x - x) + (4 + 3)) + (3 + (0 + 1)))) * (z / z))', 'rule': 'mul_one_l'}, {'expr': '((1 * (((x - x) + (4 + 3)) + (3 + (0 + 1)))) * (z / z))', 'rule': 'add_zero_r'}, {'expr': '((((x - x) + (4 + 3)) + (3 + (0 + 1))) * (z / z))', 'rule': 'mul_one_l'}, {'expr': '(((0 + (4 + 3)) + (3 + (0 + 1))) * (z / z))', 'rule': 'sub_self'}, {'expr': '(((4 + 3) + (3 + (0 + 1))) * (z / z))', 'rule': 'add_zero_l'}, {'expr': '((7 + (3 + (0 + 1))) * (z / z))', 'rule': 'numeric_fold'}, {'expr': '((7 + (3 + 1)) * (z / z))', 'rule': 'add_zero_l'}, {'expr': '((7 + 4) * (z / z))', 'rule': 'numeric_fold'}, {'expr': '(11 * (z / z))', 'rule': 'numeric_fold'}, {'expr': '(11 * 1)', 'rule': 'div_self'}, {'expr': '11', 'rule': 'mul_one_r'}]",9,"['add_zero_r', 'mul_one_l', 'mul_one_l', 'add_zero_r', 'mul_one_l', 'sub_self', 'add_zero_l', 'numeric_fold', 'add_zero_l', 'numeric_fold', 'numeric_fold', 'div_self', 'mul_one_r']","[{'level': 'hard', 'expression': '((1 + 0) * (((0 + (x / x)) * (((0 * 1) + 0) + ((1 * w) * (1 * 1)))) + ((0 + z) - z)))', 'ground_truth': 'w', 'simplification_trace': [{'expr': '((1 + 0) * (((0 + (x / x)) * (((0 * 1) + 0) + ((1 * w) * (1 * 1)))) + ((0 + z) - z)))', 'rule': None}, {'expr': '(1 * (((0 + (x / x)) * (((0 * 1) + 0) + ((1 * w) * (1 * 1)))) + ((0 + z) - z)))', 'rule': 'add_zero_r'}, {'expr': '(((0 + (x / x)) * (((0 * 1) + 0) + ((1 * w) * (1 * 1)))) + ((0 + z) - z))', 'rule': 'mul_one_l'}, {'expr': '(((x / x) * (((0 * 1) + 0) + ((1 * w) * (1 * 1)))) + ((0 + z) - z))', 'rule': 'add_zero_l'}, {'expr': '((1 * (((0 * 1) + 0) + ((1 * w) * (1 * 1)))) + ((0 + z) - z))', 'rule': 'div_self'}, {'expr': '((((0 * 1) + 0) + ((1 * w) * (1 * 1))) + ((0 + z) - z))', 'rule': 'mul_one_l'}, {'expr': '(((0 * 1) + ((1 * w) * (1 * 1))) + ((0 + z) - z))', 'rule': 'add_zero_r'}, {'expr': '((0 + ((1 * w) * (1 * 1))) + ((0 + z) - z))', 'rule': 'mul_one_r'}, {'expr': '(((1 * w) * (1 * 1)) + ((0 + z) - z))', 'rule': 'add_zero_l'}, {'expr': '((w * (1 * 1)) + ((0 + z) - z))', 'rule': 'mul_one_l'}, {'expr': '((w * 1) + ((0 + z) - z))', 'rule': 'mul_one_r'}, {'expr': '(w + ((0 + z) - z))', 'rule': 'mul_one_r'}, {'expr': '(w + (z - z))', 'rule': 'add_zero_l'}, {'expr': '(w + 0)', 'rule': 'sub_self'}, {'expr': 'w', 'rule': 'add_zero_r'}], 'k_steps': 9, 'rules_used': ['add_zero_r', 'mul_one_l', 'add_zero_l', 'div_self', 'mul_one_l', 'add_zero_r', 'mul_one_r', 'add_zero_l', 'mul_one_l', 'mul_one_r', 'mul_one_r', 'add_zero_l', 'sub_self', 'add_zero_r'], 'context_chain': [{'level': 'hard', 'expression': '((((1 + 0) * (((((z * 1) - z) + (y + ((0 + 0) * 1))) - x) * (z / z))) * 1) + 0)', 'ground_truth': '(y - x)', 'simplification_trace': [{'expr': '((((1 + 0) * (((((z * 1) - z) + (y + ((0 + 0) * 1))) - x) * (z / z))) * 1) + 0)', 'rule': None}, {'expr': '(((1 + 0) * (((((z * 1) - z) + (y + ((0 + 0) * 1))) - x) * (z / z))) * 1)', 'rule': 'add_zero_r'}, {'expr': '((1 + 0) * (((((z * 1) - z) + (y + ((0 + 0) * 1))) - x) * (z / z)))', 'rule': 'mul_one_r'}, {'expr': '(1 * (((((z * 1) - z) + (y + ((0 + 0) * 1))) - x) * (z / z)))', 'rule': 'add_zero_r'}, {'expr': '(((((z * 1) - z) + (y + ((0 + 0) * 1))) - x) * (z / z))', 'rule': 'mul_one_l'}, {'expr': '((((z - z) + (y + ((0 + 0) * 1))) - x) * (z / z))', 'rule': 'mul_one_r'}, {'expr': '(((0 + (y + ((0 + 0) * 1))) - x) * (z / z))', 'rule': 'sub_self'}, {'expr': '(((y + ((0 + 0) * 1)) - x) * (z / z))', 'rule': 'add_zero_l'}, {'expr': '(((y + (0 + 0)) - x) * (z / z))', 'rule': 'mul_one_r'}, {'expr': '(((y + 0) - x) * (z / z))', 'rule': 'add_zero_r'}, {'expr': '((y - x) * (z / z))', 'rule': 'add_zero_r'}, {'expr': '((y - x) * 1)', 'rule': 'div_self'}, {'expr': '(y - x)', 'rule': 'mul_one_r'}], 'k_steps': 9, 'rules_used': ['add_zero_r', 'mul_one_r', 'add_zero_r', 'mul_one_l', 'mul_one_r', 'sub_self', 'add_zero_l', 'mul_one_r', 'add_zero_r', 'add_zero_r', 'div_self', 'mul_one_r'], 'context_chain': [], 'variables': ['x', 'y', 'z', 'w'], 'rule_diversity': 3, 'context_depth': 2, 'min_inject': 3}], 'variables': ['x', 'y', 'z', 'w'], 'rule_diversity': 3, 'context_depth': 2, 'min_inject': 3}, {'level': 'hard', 'expression': '((((1 + 0) * (((((z * 1) - z) + (y + ((0 + 0) * 1))) - x) * (z / z))) * 1) + 0)', 'ground_truth': '(y - x)', 'simplification_trace': [{'expr': '((((1 + 0) * (((((z * 1) - z) + (y + ((0 + 0) * 1))) - x) * (z / z))) * 1) + 0)', 'rule': None}, {'expr': '(((1 + 0) * (((((z * 1) - z) + (y + ((0 + 0) * 1))) - x) * (z / z))) * 1)', 'rule': 'add_zero_r'}, {'expr': '((1 + 0) * (((((z * 1) - z) + (y + ((0 + 0) * 1))) - x) * (z / z)))', 'rule': 'mul_one_r'}, {'expr': '(1 * (((((z * 1) - z) + (y + ((0 + 0) * 1))) - x) * (z / z)))', 'rule': 'add_zero_r'}, {'expr': '(((((z * 1) - z) + (y + ((0 + 0) * 1))) - x) * (z / z))', 'rule': 'mul_one_l'}, {'expr': '((((z - z) + (y + ((0 + 0) * 1))) - x) * (z / z))', 'rule': 'mul_one_r'}, {'expr': '(((0 + (y + ((0 + 0) * 1))) - x) * (z / z))', 'rule': 'sub_self'}, {'expr': '(((y + ((0 + 0) * 1)) - x) * (z / z))', 'rule': 'add_zero_l'}, {'expr': '(((y + (0 + 0)) - x) * (z / z))', 'rule': 'mul_one_r'}, {'expr': '(((y + 0) - x) * (z / z))', 'rule': 'add_zero_r'}, {'expr': '((y - x) * (z / z))', 'rule': 'add_zero_r'}, {'expr': '((y - x) * 1)', 'rule': 'div_self'}, {'expr': '(y - x)', 'rule': 'mul_one_r'}], 'k_steps': 9, 'rules_used': ['add_zero_r', 'mul_one_r', 'add_zero_r', 'mul_one_l', 'mul_one_r', 'sub_self', 'add_zero_l', 'mul_one_r', 'add_zero_r', 'add_zero_r', 'div_self', 'mul_one_r'], 'context_chain': [], 'variables': ['x', 'y', 'z', 'w'], 'rule_diversity': 3, 'context_depth': 2, 'min_inject': 3}]","['x', 'y', 'z', 'w']",3,2,3,12
13,hard,(((0 + 0) + (((13 + (z - z)) * (y / (y + ((0 + 0) * 1)))) + (1 * 0))) * (1 + 0)),13,"[{'expr': '(((0 + 0) + (((13 + (z - z)) * (y / (y + ((0 + 0) * 1)))) + (1 * 0))) * (1 + 0))', 'rule': None}, {'expr': '((0 + (((13 + (z - z)) * (y / (y + ((0 + 0) * 1)))) + (1 * 0))) * (1 + 0))', 'rule': 'add_zero_r'}, {'expr': '((((13 + (z - z)) * (y / (y + ((0 + 0) * 1)))) + (1 * 0)) * (1 + 0))', 'rule': 'add_zero_l'}, {'expr': '((((13 + 0) * (y / (y + ((0 + 0) * 1)))) + (1 * 0)) * (1 + 0))', 'rule': 'sub_self'}, {'expr': '(((13 * (y / (y + ((0 + 0) * 1)))) + (1 * 0)) * (1 + 0))', 'rule': 'add_zero_r'}, {'expr': '(((13 * (y / (y + (0 + 0)))) + (1 * 0)) * (1 + 0))', 'rule': 'mul_one_r'}, {'expr': '(((13 * (y / (y + 0))) + (1 * 0)) * (1 + 0))', 'rule': 'add_zero_r'}, {'expr': '(((13 * (y / y)) + (1 * 0)) * (1 + 0))', 'rule': 'add_zero_r'}, {'expr': '(((13 * 1) + (1 * 0)) * (1 + 0))', 'rule': 'div_self'}, {'expr': '((13 + (1 * 0)) * (1 + 0))', 'rule': 'mul_one_r'}, {'expr': '((13 + 0) * (1 + 0))', 'rule': 'mul_one_l'}, {'expr': '(13 * (1 + 0))', 'rule': 'add_zero_r'}, {'expr': '(13 * 1)', 'rule': 'add_zero_r'}, {'expr': '13', 'rule': 'mul_one_r'}]",9,"['add_zero_r', 'add_zero_l', 'sub_self', 'add_zero_r', 'mul_one_r', 'add_zero_r', 'add_zero_r', 'div_self', 'mul_one_r', 'mul_one_l', 'add_zero_r', 'add_zero_r', 'mul_one_r']","[{'level': 'hard', 'expression': '((1 + 0) * (((0 + (x / x)) * (((0 * 1) + 0) + ((1 * w) * (1 * 1)))) + ((0 + z) - z)))', 'ground_truth': 'w', 'simplification_trace': [{'expr': '((1 + 0) * (((0 + (x / x)) * (((0 * 1) + 0) + ((1 * w) * (1 * 1)))) + ((0 + z) - z)))', 'rule': None}, {'expr': '(1 * (((0 + (x / x)) * (((0 * 1) + 0) + ((1 * w) * (1 * 1)))) + ((0 + z) - z)))', 'rule': 'add_zero_r'}, {'expr': '(((0 + (x / x)) * (((0 * 1) + 0) + ((1 * w) * (1 * 1)))) + ((0 + z) - z))', 'rule': 'mul_one_l'}, {'expr': '(((x / x) * (((0 * 1) + 0) + ((1 * w) * (1 * 1)))) + ((0 + z) - z))', 'rule': 'add_zero_l'}, {'expr': '((1 * (((0 * 1) + 0) + ((1 * w) * (1 * 1)))) + ((0 + z) - z))', 'rule': 'div_self'}, {'expr': '((((0 * 1) + 0) + ((1 * w) * (1 * 1))) + ((0 + z) - z))', 'rule': 'mul_one_l'}, {'expr': '(((0 * 1) + ((1 * w) * (1 * 1))) + ((0 + z) - z))', 'rule': 'add_zero_r'}, {'expr': '((0 + ((1 * w) * (1 * 1))) + ((0 + z) - z))', 'rule': 'mul_one_r'}, {'expr': '(((1 * w) * (1 * 1)) + ((0 + z) - z))', 'rule': 'add_zero_l'}, {'expr': '((w * (1 * 1)) + ((0 + z) - z))', 'rule': 'mul_one_l'}, {'expr': '((w * 1) + ((0 + z) - z))', 'rule': 'mul_one_r'}, {'expr': '(w + ((0 + z) - z))', 'rule': 'mul_one_r'}, {'expr': '(w + (z - z))', 'rule': 'add_zero_l'}, {'expr': '(w + 0)', 'rule': 'sub_self'}, {'expr': 'w', 'rule': 'add_zero_r'}], 'k_steps': 9, 'rules_used': ['add_zero_r', 'mul_one_l', 'add_zero_l', 'div_self', 'mul_one_l', 'add_zero_r', 'mul_one_r', 'add_zero_l', 'mul_one_l', 'mul_one_r', 'mul_one_r', 'add_zero_l', 'sub_self', 'add_zero_r'], 'context_chain': [{'level': 'hard', 'expression': '((((1 + 0) * (((((z * 1) - z) + (y + ((0 + 0) * 1))) - x) * (z / z))) * 1) + 0)', 'ground_truth': '(y - x)', 'simplification_trace': [{'expr': '((((1 + 0) * (((((z * 1) - z) + (y + ((0 + 0) * 1))) - x) * (z / z))) * 1) + 0)', 'rule': None}, {'expr': '(((1 + 0) * (((((z * 1) - z) + (y + ((0 + 0) * 1))) - x) * (z / z))) * 1)', 'rule': 'add_zero_r'}, {'expr': '((1 + 0) * (((((z * 1) - z) + (y + ((0 + 0) * 1))) - x) * (z / z)))', 'rule': 'mul_one_r'}, {'expr': '(1 * (((((z * 1) - z) + (y + ((0 + 0) * 1))) - x) * (z / z)))', 'rule': 'add_zero_r'}, {'expr': '(((((z * 1) - z) + (y + ((0 + 0) * 1))) - x) * (z / z))', 'rule': 'mul_one_l'}, {'expr': '((((z - z) + (y + ((0 + 0) * 1))) - x) * (z / z))', 'rule': 'mul_one_r'}, {'expr': '(((0 + (y + ((0 + 0) * 1))) - x) * (z / z))', 'rule': 'sub_self'}, {'expr': '(((y + ((0 + 0) * 1)) - x) * (z / z))', 'rule': 'add_zero_l'}, {'expr': '(((y + (0 + 0)) - x) * (z / z))', 'rule': 'mul_one_r'}, {'expr': '(((y + 0) - x) * (z / z))', 'rule': 'add_zero_r'}, {'expr': '((y - x) * (z / z))', 'rule': 'add_zero_r'}, {'expr': '((y - x) * 1)', 'rule': 'div_self'}, {'expr': '(y - x)', 'rule': 'mul_one_r'}], 'k_steps': 9, 'rules_used': ['add_zero_r', 'mul_one_r', 'add_zero_r', 'mul_one_l', 'mul_one_r', 'sub_self', 'add_zero_l', 'mul_one_r', 'add_zero_r', 'add_zero_r', 'div_self', 'mul_one_r'], 'context_chain': [], 'variables': ['x', 'y', 'z', 'w'], 'rule_diversity': 3, 'context_depth': 2, 'min_inject': 3}], 'variables': ['x', 'y', 'z', 'w'], 'rule_diversity': 3, 'context_depth': 2, 'min_inject': 3}, {'level': 'hard', 'expression': '((1 * (((1 * (1 + 0)) * (((x - x) + (4 + 3)) + (3 + (0 + 1)))) * (z / z))) + 0)', 'ground_truth': '11', 'simplification_trace': [{'expr': '((1 * (((1 * (1 + 0)) * (((x - x) + (4 + 3)) + (3 + (0 + 1)))) * (z / z))) + 0)', 'rule': None}, {'expr': '(1 * (((1 * (1 + 0)) * (((x - x) + (4 + 3)) + (3 + (0 + 1)))) * (z / z)))', 'rule': 'add_zero_r'}, {'expr': '(((1 * (1 + 0)) * (((x - x) + (4 + 3)) + (3 + (0 + 1)))) * (z / z))', 'rule': 'mul_one_l'}, {'expr': '(((1 + 0) * (((x - x) + (4 + 3)) + (3 + (0 + 1)))) * (z / z))', 'rule': 'mul_one_l'}, {'expr': '((1 * (((x - x) + (4 + 3)) + (3 + (0 + 1)))) * (z / z))', 'rule': 'add_zero_r'}, {'expr': '((((x - x) + (4 + 3)) + (3 + (0 + 1))) * (z / z))', 'rule': 'mul_one_l'}, {'expr': '(((0 + (4 + 3)) + (3 + (0 + 1))) * (z / z))', 'rule': 'sub_self'}, {'expr': '(((4 + 3) + (3 + (0 + 1))) * (z / z))', 'rule': 'add_zero_l'}, {'expr': '((7 + (3 + (0 + 1))) * (z / z))', 'rule': 'numeric_fold'}, {'expr': '((7 + (3 + 1)) * (z / z))', 'rule': 'add_zero_l'}, {'expr': '((7 + 4) * (z / z))', 'rule': 'numeric_fold'}, {'expr': '(11 * (z / z))', 'rule': 'numeric_fold'}, {'expr': '(11 * 1)', 'rule': 'div_self'}, {'expr': '11', 'rule': 'mul_one_r'}], 'k_steps': 9, 'rules_used': ['add_zero_r', 'mul_one_l', 'mul_one_l', 'add_zero_r', 'mul_one_l', 'sub_self', 'add_zero_l', 'numeric_fold', 'add_zero_l', 'numeric_fold', 'numeric_fold', 'div_self', 'mul_one_r'], 'context_chain': [{'level': 'hard', 'expression': '((1 + 0) * (((0 + (x / x)) * (((0 * 1) + 0) + ((1 * w) * (1 * 1)))) + ((0 + z) - z)))', 'ground_truth': 'w', 'simplification_trace': [{'expr': '((1 + 0) * (((0 + (x / x)) * (((0 * 1) + 0) + ((1 * w) * (1 * 1)))) + ((0 + z) - z)))', 'rule': None}, {'expr': '(1 * (((0 + (x / x)) * (((0 * 1) + 0) + ((1 * w) * (1 * 1)))) + ((0 + z) - z)))', 'rule': 'add_zero_r'}, {'expr': '(((0 + (x / x)) * (((0 * 1) + 0) + ((1 * w) * (1 * 1)))) + ((0 + z) - z))', 'rule': 'mul_one_l'}, {'expr': '(((x / x) * (((0 * 1) + 0) + ((1 * w) * (1 * 1)))) + ((0 + z) - z))', 'rule': 'add_zero_l'}, {'expr': '((1 * (((0 * 1) + 0) + ((1 * w) * (1 * 1)))) + ((0 + z) - z))', 'rule': 'div_self'}, {'expr': '((((0 * 1) + 0) + ((1 * w) * (1 * 1))) + ((0 + z) - z))', 'rule': 'mul_one_l'}, {'expr': '(((0 * 1) + ((1 * w) * (1 * 1))) + ((0 + z) - z))', 'rule': 'add_zero_r'}, {'expr': '((0 + ((1 * w) * (1 * 1))) + ((0 + z) - z))', 'rule': 'mul_one_r'}, {'expr': '(((1 * w) * (1 * 1)) + ((0 + z) - z))', 'rule': 'add_zero_l'}, {'expr': '((w * (1 * 1)) + ((0 + z) - z))', 'rule': 'mul_one_l'}, {'expr': '((w * 1) + ((0 + z) - z))', 'rule': 'mul_one_r'}, {'expr': '(w + ((0 + z) - z))', 'rule': 'mul_one_r'}, {'expr': '(w + (z - z))', 'rule': 'add_zero_l'}, {'expr': '(w + 0)', 'rule': 'sub_self'}, {'expr': 'w', 'rule': 'add_zero_r'}], 'k_steps': 9, 'rules_used': ['add_zero_r', 'mul_one_l', 'add_zero_l', 'div_self', 'mul_one_l', 'add_zero_r', 'mul_one_r', 'add_zero_l', 'mul_one_l', 'mul_one_r', 'mul_one_r', 'add_zero_l', 'sub_self', 'add_zero_r'], 'context_chain': [{'level': 'hard', 'expression': '((((1 + 0) * (((((z * 1) - z) + (y + ((0 + 0) * 1))) - x) * (z / z))) * 1) + 0)', 'ground_truth': '(y - x)', 'simplification_trace': [{'expr': '((((1 + 0) * (((((z * 1) - z) + (y + ((0 + 0) * 1))) - x) * (z / z))) * 1) + 0)', 'rule': None}, {'expr': '(((1 + 0) * (((((z * 1) - z) + (y + ((0 + 0) * 1))) - x) * (z / z))) * 1)', 'rule': 'add_zero_r'}, {'expr': '((1 + 0) * (((((z * 1) - z) + (y + ((0 + 0) * 1))) - x) * (z / z)))', 'rule': 'mul_one_r'}, {'expr': '(1 * (((((z * 1) - z) + (y + ((0 + 0) * 1))) - x) * (z / z)))', 'rule': 'add_zero_r'}, {'expr': '(((((z * 1) - z) + (y + ((0 + 0) * 1))) - x) * (z / z))', 'rule': 'mul_one_l'}, {'expr': '((((z - z) + (y + ((0 + 0) * 1))) - x) * (z / z))', 'rule': 'mul_one_r'}, {'expr': '(((0 + (y + ((0 + 0) * 1))) - x) * (z / z))', 'rule': 'sub_self'}, {'expr': '(((y + ((0 + 0) * 1)) - x) * (z / z))', 'rule': 'add_zero_l'}, {'expr': '(((y + (0 + 0)) - x) * (z / z))', 'rule': 'mul_one_r'}, {'expr': '(((y + 0) - x) * (z / z))', 'rule': 'add_zero_r'}, {'expr': '((y - x) * (z / z))', 'rule': 'add_zero_r'}, {'expr': '((y - x) * 1)', 'rule': 'div_self'}, {'expr': '(y - x)', 'rule': 'mul_one_r'}], 'k_steps': 9, 'rules_used': ['add_zero_r', 'mul_one_r', 'add_zero_r', 'mul_one_l', 'mul_one_r', 'sub_self', 'add_zero_l', 'mul_one_r', 'add_zero_r', 'add_zero_r', 'div_self', 'mul_one_r'], 'context_chain': [], 'variables': ['x', 'y', 'z', 'w'], 'rule_diversity': 3, 'context_depth': 2, 'min_inject': 3}], 'variables': ['x', 'y', 'z', 'w'], 'rule_diversity': 3, 'context_depth': 2, 'min_inject': 3}, {'level': 'hard', 'expression': '((((1 + 0) * (((((z * 1) - z) + (y + ((0 + 0) * 1))) - x) * (z / z))) * 1) + 0)', 'ground_truth': '(y - x)', 'simplification_trace': [{'expr': '((((1 + 0) * (((((z * 1) - z) + (y + ((0 + 0) * 1))) - x) * (z / z))) * 1) + 0)', 'rule': None}, {'expr': '(((1 + 0) * (((((z * 1) - z) + (y + ((0 + 0) * 1))) - x) * (z / z))) * 1)', 'rule': 'add_zero_r'}, {'expr': '((1 + 0) * (((((z * 1) - z) + (y + ((0 + 0) * 1))) - x) * (z / z)))', 'rule': 'mul_one_r'}, {'expr': '(1 * (((((z * 1) - z) + (y + ((0 + 0) * 1))) - x) * (z / z)))', 'rule': 'add_zero_r'}, {'expr': '(((((z * 1) - z) + (y + ((0 + 0) * 1))) - x) * (z / z))', 'rule': 'mul_one_l'}, {'expr': '((((z - z) + (y + ((0 + 0) * 1))) - x) * (z / z))', 'rule': 'mul_one_r'}, {'expr': '(((0 + (y + ((0 + 0) * 1))) - x) * (z / z))', 'rule': 'sub_self'}, {'expr': '(((y + ((0 + 0) * 1)) - x) * (z / z))', 'rule': 'add_zero_l'}, {'expr': '(((y + (0 + 0)) - x) * (z / z))', 'rule': 'mul_one_r'}, {'expr': '(((y + 0) - x) * (z / z))', 'rule': 'add_zero_r'}, {'expr': '((y - x) * (z / z))', 'rule': 'add_zero_r'}, {'expr': '((y - x) * 1)', 'rule': 'div_self'}, {'expr': '(y - x)', 'rule': 'mul_one_r'}], 'k_steps': 9, 'rules_used': ['add_zero_r', 'mul_one_r', 'add_zero_r', 'mul_one_l', 'mul_one_r', 'sub_self', 'add_zero_l', 'mul_one_r', 'add_zero_r', 'add_zero_r', 'div_self', 'mul_one_r'], 'context_chain': [], 'variables': ['x', 'y', 'z', 'w'], 'rule_diversity': 3, 'context_depth': 2, 'min_inject': 3}], 'variables': ['x', 'y', 'z', 'w'], 'rule_diversity': 3, 'context_depth': 2, 'min_inject': 3}]","['x', 'y', 'z', 'w']",3,2,3,13
14,hard,(w - (((0 + ((1 + 0) * ((1 * y) * ((1 * x) / (x + 0))))) + (0 * 1)) + (y - (y * 1)))),(w - y),"[{'expr': '(w - (((0 + ((1 + 0) * ((1 * y) * ((1 * x) / (x + 0))))) + (0 * 1)) + (y - (y * 1))))', 'rule': None}, {'expr': '(w - ((((1 + 0) * ((1 * y) * ((1 * x) / (x + 0)))) + (0 * 1)) + (y - (y * 1))))', 'rule': 'add_zero_l'}, {'expr': '(w - (((1 * ((1 * y) * ((1 * x) / (x + 0)))) + (0 * 1)) + (y - (y * 1))))', 'rule': 'add_zero_r'}, {'expr': '(w - ((((1 * y) * ((1 * x) / (x + 0))) + (0 * 1)) + (y - (y * 1))))', 'rule': 'mul_one_l'}, {'expr': '(w - (((y * ((1 * x) / (x + 0))) + (0 * 1)) + (y - (y * 1))))', 'rule': 'mul_one_l'}, {'expr': '(w - (((y * (x / (x + 0))) + (0 * 1)) + (y - (y * 1))))', 'rule': 'mul_one_l'}, {'expr': '(w - (((y * (x / x)) + (0 * 1)) + (y - (y * 1))))', 'rule': 'add_zero_r'}, {'expr': '(w - (((y * 1) + (0 * 1)) + (y - (y * 1))))', 'rule': 'div_self'}, {'expr': '(w - ((y + (0 * 1)) + (y - (y * 1))))', 'rule': 'mul_one_r'}, {'expr': '(w - ((y + 0) + (y - (y * 1))))', 'rule': 'mul_one_r'}, {'expr': '(w - (y + (y - (y * 1))))', 'rule': 'add_zero_r'}, {'expr': '(w - (y + (y - y)))', 'rule': 'mul_one_r'}, {'expr': '(w - (y + 0))', 'rule': 'sub_self'}, {'expr': '(w - y)', 'rule': 'add_zero_r'}]",9,"['add_zero_l', 'add_zero_r', 'mul_one_l', 'mul_one_l', 'mul_one_l', 'add_zero_r', 'div_self', 'mul_one_r', 'mul_one_r', 'add_zero_r', 'mul_one_r', 'sub_self', 'add_zero_r']","[{'level': 'hard', 'expression': '((1 * (((1 * (1 + 0)) * (((x - x) + (4 + 3)) + (3 + (0 + 1)))) * (z / z))) + 0)', 'ground_truth': '11', 'simplification_trace': [{'expr': '((1 * (((1 * (1 + 0)) * (((x - x) + (4 + 3)) + (3 + (0 + 1)))) * (z / z))) + 0)', 'rule': None}, {'expr': '(1 * (((1 * (1 + 0)) * (((x - x) + (4 + 3)) + (3 + (0 + 1)))) * (z / z)))', 'rule': 'add_zero_r'}, {'expr': '(((1 * (1 + 0)) * (((x - x) + (4 + 3)) + (3 + (0 + 1)))) * (z / z))', 'rule': 'mul_one_l'}, {'expr': '(((1 + 0) * (((x - x) + (4 + 3)) + (3 + (0 + 1)))) * (z / z))', 'rule': 'mul_one_l'}, {'expr': '((1 * (((x - x) + (4 + 3)) + (3 + (0 + 1)))) * (z / z))', 'rule': 'add_zero_r'}, {'expr': '((((x - x) + (4 + 3)) + (3 + (0 + 1))) * (z / z))', 'rule': 'mul_one_l'}, {'expr': '(((0 + (4 + 3)) + (3 + (0 + 1))) * (z / z))', 'rule': 'sub_self'}, {'expr': '(((4 + 3) + (3 + (0 + 1))) * (z / z))', 'rule': 'add_zero_l'}, {'expr': '((7 + (3 + (0 + 1))) * (z / z))', 'rule': 'numeric_fold'}, {'expr': '((7 + (3 + 1)) * (z / z))', 'rule': 'add_zero_l'}, {'expr': '((7 + 4) * (z / z))', 'rule': 'numeric_fold'}, {'expr': '(11 * (z / z))', 'rule': 'numeric_fold'}, {'expr': '(11 * 1)', 'rule': 'div_self'}, {'expr': '11', 'rule': 'mul_one_r'}], 'k_steps': 9, 'rules_used': ['add_zero_r', 'mul_one_l', 'mul_one_l', 'add_zero_r', 'mul_one_l', 'sub_self', 'add_zero_l', 'numeric_fold', 'add_zero_l', 'numeric_fold', 'numeric_fold', 'div_self', 'mul_one_r'], 'context_chain': [{'level': 'hard', 'expression': '((1 + 0) * (((0 + (x / x)) * (((0 * 1) + 0) + ((1 * w) * (1 * 1)))) + ((0 + z) - z)))', 'ground_truth': 'w', 'simplification_trace': [{'expr': '((1 + 0) * (((0 + (x / x)) * (((0 * 1) + 0) + ((1 * w) * (1 * 1)))) + ((0 + z) - z)))', 'rule': None}, {'expr': '(1 * (((0 + (x / x)) * (((0 * 1) + 0) + ((1 * w) * (1 * 1)))) + ((0 + z) - z)))', 'rule': 'add_zero_r'}, {'expr': '(((0 + (x / x)) * (((0 * 1) + 0) + ((1 * w) * (1 * 1)))) + ((0 + z) - z))', 'rule': 'mul_one_l'}, {'expr': '(((x / x) * (((0 * 1) + 0) + ((1 * w) * (1 * 1)))) + ((0 + z) - z))', 'rule': 'add_zero_l'}, {'expr': '((1 * (((0 * 1) + 0) + ((1 * w) * (1 * 1)))) + ((0 + z) - z))', 'rule': 'div_self'}, {'expr': '((((0 * 1) + 0) + ((1 * w) * (1 * 1))) + ((0 + z) - z))', 'rule': 'mul_one_l'}, {'expr': '(((0 * 1) + ((1 * w) * (1 * 1))) + ((0 + z) - z))', 'rule': 'add_zero_r'}, {'expr': '((0 + ((1 * w) * (1 * 1))) + ((0 + z) - z))', 'rule': 'mul_one_r'}, {'expr': '(((1 * w) * (1 * 1)) + ((0 + z) - z))', 'rule': 'add_zero_l'}, {'expr': '((w * (1 * 1)) + ((0 + z) - z))', 'rule': 'mul_one_l'}, {'expr': '((w * 1) + ((0 + z) - z))', 'rule': 'mul_one_r'}, {'expr': '(w + ((0 + z) - z))', 'rule': 'mul_one_r'}, {'expr': '(w + (z - z))', 'rule': 'add_zero_l'}, {'expr': '(w + 0)', 'rule': 'sub_self'}, {'expr': 'w', 'rule': 'add_zero_r'}], 'k_steps': 9, 'rules_used': ['add_zero_r', 'mul_one_l', 'add_zero_l', 'div_self', 'mul_one_l', 'add_zero_r', 'mul_one_r', 'add_zero_l', 'mul_one_l', 'mul_one_r', 'mul_one_r', 'add_zero_l', 'sub_self', 'add_zero_r'], 'context_chain': [{'level': 'hard', 'expression': '((((1 + 0) * (((((z * 1) - z) + (y + ((0 + 0) * 1))) - x) * (z / z))) * 1) + 0)', 'ground_truth': '(y - x)', 'simplification_trace': [{'expr': '((((1 + 0) * (((((z * 1) - z) + (y + ((0 + 0) * 1))) - x) * (z / z))) * 1) + 0)', 'rule': None}, {'expr': '(((1 + 0) * (((((z * 1) - z) + (y + ((0 + 0) * 1))) - x) * (z / z))) * 1)', 'rule': 'add_zero_r'}, {'expr': '((1 + 0) * (((((z * 1) - z) + (y + ((0 + 0) * 1))) - x) * (z / z)))', 'rule': 'mul_one_r'}, {'expr': '(1 * (((((z * 1) - z) + (y + ((0 + 0) * 1))) - x) * (z / z)))', 'rule': 'add_zero_r'}, {'expr': '(((((z * 1) - z) + (y + ((0 + 0) * 1))) - x) * (z / z))', 'rule': 'mul_one_l'}, {'expr': '((((z - z) + (y + ((0 + 0) * 1))) - x) * (z / z))', 'rule': 'mul_one_r'}, {'expr': '(((0 + (y + ((0 + 0) * 1))) - x) * (z / z))', 'rule': 'sub_self'}, {'expr': '(((y + ((0 + 0) * 1)) - x) * (z / z))', 'rule': 'add_zero_l'}, {'expr': '(((y + (0 + 0)) - x) * (z / z))', 'rule': 'mul_one_r'}, {'expr': '(((y + 0) - x) * (z / z))', 'rule': 'add_zero_r'}, {'expr': '((y - x) * (z / z))', 'rule': 'add_zero_r'}, {'expr': '((y - x) * 1)', 'rule': 'div_self'}, {'expr': '(y - x)', 'rule': 'mul_one_r'}], 'k_steps': 9, 'rules_used': ['add_zero_r', 'mul_one_r', 'add_zero_r', 'mul_one_l', 'mul_one_r', 'sub_self', 'add_zero_l', 'mul_one_r', 'add_zero_r', 'add_zero_r', 'div_self', 'mul_one_r'], 'context_chain': [], 'variables': ['x', 'y', 'z', 'w'], 'rule_diversity': 3, 'context_depth': 2, 'min_inject': 3}], 'variables': ['x', 'y', 'z', 'w'], 'rule_diversity': 3, 'context_depth': 2, 'min_inject': 3}, {'level': 'hard', 'expression': '((((1 + 0) * (((((z * 1) - z) + (y + ((0 + 0) * 1))) - x) * (z / z))) * 1) + 0)', 'ground_truth': '(y - x)', 'simplification_trace': [{'expr': '((((1 + 0) * (((((z * 1) - z) + (y + ((0 + 0) * 1))) - x) * (z / z))) * 1) + 0)', 'rule': None}, {'expr': '(((1 + 0) * (((((z * 1) - z) + (y + ((0 + 0) * 1))) - x) * (z / z))) * 1)', 'rule': 'add_zero_r'}, {'expr': '((1 + 0) * (((((z * 1) - z) + (y + ((0 + 0) * 1))) - x) * (z / z)))', 'rule': 'mul_one_r'}, {'expr': '(1 * (((((z * 1) - z) + (y + ((0 + 0) * 1))) - x) * (z / z)))', 'rule': 'add_zero_r'}, {'expr': '(((((z * 1) - z) + (y + ((0 + 0) * 1))) - x) * (z / z))', 'rule': 'mul_one_l'}, {'expr': '((((z - z) + (y + ((0 + 0) * 1))) - x) * (z / z))', 'rule': 'mul_one_r'}, {'expr': '(((0 + (y + ((0 + 0) * 1))) - x) * (z / z))', 'rule': 'sub_self'}, {'expr': '(((y + ((0 + 0) * 1)) - x) * (z / z))', 'rule': 'add_zero_l'}, {'expr': '(((y + (0 + 0)) - x) * (z / z))', 'rule': 'mul_one_r'}, {'expr': '(((y + 0) - x) * (z / z))', 'rule': 'add_zero_r'}, {'expr': '((y - x) * (z / z))', 'rule': 'add_zero_r'}, {'expr': '((y - x) * 1)', 'rule': 'div_self'}, {'expr': '(y - x)', 'rule': 'mul_one_r'}], 'k_steps': 9, 'rules_used': ['add_zero_r', 'mul_one_r', 'add_zero_r', 'mul_one_l', 'mul_one_r', 'sub_self', 'add_zero_l', 'mul_one_r', 'add_zero_r', 'add_zero_r', 'div_self', 'mul_one_r'], 'context_chain': [], 'variables': ['x', 'y', 'z', 'w'], 'rule_diversity': 3, 'context_depth': 2, 'min_inject': 3}], 'variables': ['x', 'y', 'z', 'w'], 'rule_diversity': 3, 'context_depth': 2, 'min_inject': 3}, {'level': 'hard', 'expression': '((((1 + 0) * (((((z * 1) - z) + (y + ((0 + 0) * 1))) - x) * (z / z))) * 1) + 0)', 'ground_truth': '(y - x)', 'simplification_trace': [{'expr': '((((1 + 0) * (((((z * 1) - z) + (y + ((0 + 0) * 1))) - x) * (z / z))) * 1) + 0)', 'rule': None}, {'expr': '(((1 + 0) * (((((z * 1) - z) + (y + ((0 + 0) * 1))) - x) * (z / z))) * 1)', 'rule': 'add_zero_r'}, {'expr': '((1 + 0) * (((((z * 1) - z) + (y + ((0 + 0) * 1))) - x) * (z / z)))', 'rule': 'mul_one_r'}, {'expr': '(1 * (((((z * 1) - z) + (y + ((0 + 0) * 1))) - x) * (z / z)))', 'rule': 'add_zero_r'}, {'expr': '(((((z * 1) - z) + (y + ((0 + 0) * 1))) - x) * (z / z))', 'rule': 'mul_one_l'}, {'expr': '((((z - z) + (y + ((0 + 0) * 1))) - x) * (z / z))', 'rule': 'mul_one_r'}, {'expr': '(((0 + (y + ((0 + 0) * 1))) - x) * (z / z))', 'rule': 'sub_self'}, {'expr': '(((y + ((0 + 0) * 1)) - x) * (z / z))', 'rule': 'add_zero_l'}, {'expr': '(((y + (0 + 0)) - x) * (z / z))', 'rule': 'mul_one_r'}, {'expr': '(((y + 0) - x) * (z / z))', 'rule': 'add_zero_r'}, {'expr': '((y - x) * (z / z))', 'rule': 'add_zero_r'}, {'expr': '((y - x) * 1)', 'rule': 'div_self'}, {'expr': '(y - x)', 'rule': 'mul_one_r'}], 'k_steps': 9, 'rules_used': ['add_zero_r', 'mul_one_r', 'add_zero_r', 'mul_one_l', 'mul_one_r', 'sub_self', 'add_zero_l', 'mul_one_r', 'add_zero_r', 'add_zero_r', 'div_self', 'mul_one_r'], 'context_chain': [], 'variables': ['x', 'y', 'z', 'w'], 'rule_diversity': 3, 'context_depth': 2, 'min_inject': 3}]","['x', 'y', 'z', 'w']",3,2,3,14
